214402654@@locojoy,50956,100412
205307286@@locojoy,49434,97946
200977714@@locojoy,20088,39928
213115621@@locojoy,12588,24648
214341318@@locojoy,11016,21896
213934779@@locojoy,7616,15056
200014374@@locojoy,6116,11203
214344534@@locojoy,5748,10908
214346760@@locojoy,5424,10131
203680005@@locojoy,5036,9543
212167551@@locojoy,5032,9784
213039830@@locojoy,5024,9904
214344413@@locojoy,4998,9663
213189282@@locojoy,4762,9289
dc1,1000,100
dc2,2000,100
dc9,1500,100
dc10,1800,100
211076538@@locojoy,4622,9113
213997183@@locojoy,4536,9016
214345373@@locojoy,3888,7728
214339336@@locojoy,3668,4897
213454328@@locojoy,3602,5084
214339405@@locojoy,3290,6498
213991407@@locojoy,3240,6440
213997336@@locojoy,3240,6440
214340837@@locojoy,3240,6440
214340865@@locojoy,3240,6440
211549673@@locojoy,3008,4110
203366260@@locojoy,2842,5246
214394939@@locojoy,2648,5216
214345766@@locojoy,2624,4731
214150107@@locojoy,2598,5158
213831081@@locojoy,2592,5152
214359237@@locojoy,2592,5152
214341502@@locojoy,2436,4504
214159463@@locojoy,2432,3834
206454020@@locojoy,2268,4257
214339824@@locojoy,2100,3533
214179428@@locojoy,2006,3468
214346175@@locojoy,2000,2910
214346824@@locojoy,2000,3172
213436576@@locojoy,1944,3864
213995999@@locojoy,1944,3864
213345559@@locojoy,1944,3864
212977722@@locojoy,1798,3350
204865126@@locojoy,1748,2528
214393779@@locojoy,1598,2856
213245091@@locojoy,1510,2505
211557179@@locojoy,1480,1798
214341811@@locojoy,1434,2664
200380868@@locojoy,1432,2576
211766037@@locojoy,1422,1933
214339847@@locojoy,1406,2708
214350871@@locojoy,1396,2692
214359298@@locojoy,1394,2102
214032301@@locojoy,1394,2696
213436284@@locojoy,1306,2160
214000183@@locojoy,1302,2582
214284118@@locojoy,1296,2576
213049063@@locojoy,1286,1889
212919468@@locojoy,1200,1740
214339619@@locojoy,1192,1350
214340000@@locojoy,1152,1682
212984782@@locojoy,1136,2176
212430433@@locojoy,1110,1721
214341489@@locojoy,1050,1854
213514345@@locojoy,1002,1840
214348184@@locojoy,1000,1752
214339426@@locojoy,994,1366
214350798@@locojoy,990,1662
214347387@@locojoy,966,1184
214343753@@locojoy,920,1273
214346531@@locojoy,872,1259
201635725@@locojoy,834,1213
214160788@@locojoy,830,1085
214370879@@locojoy,802,1140
214346415@@locojoy,746,1408
213438278@@locojoy,732,965
212934904@@locojoy,726,996
212913133@@locojoy,722,879
214032245@@locojoy,698,1346
211607373@@locojoy,694,820
212221480@@locojoy,692,1174
214345987@@locojoy,690,1134
214341031@@locojoy,684,1327
214405924@@locojoy,664,884
214345469@@locojoy,654,1294
213472292@@locojoy,654,1294
214336701@@locojoy,654,1294
213189079@@locojoy,654,1294
212912924@@locojoy,654,1294
208510332@@locojoy,654,1294
214341513@@locojoy,654,1294
214340040@@locojoy,654,1294
213997378@@locojoy,648,1288
214345346@@locojoy,648,1288
214346469@@locojoy,648,1288
208383510@@locojoy,648,1288
208480867@@locojoy,648,1288
214009309@@locojoy,648,1288
214033808@@locojoy,648,1288
213980666@@locojoy,648,1288
212965252@@locojoy,648,1288
214347842@@locojoy,648,1288
214075096@@locojoy,648,1288
214337945@@locojoy,648,1288
213016934@@locojoy,648,1288
214033816@@locojoy,648,1288
213995413@@locojoy,648,1288
214345537@@locojoy,648,1288
214032504@@locojoy,648,1288
213971253@@locojoy,648,1288
214032521@@locojoy,648,1288
214348591@@locojoy,644,784
214346904@@locojoy,644,898
214397489@@locojoy,618,742
200512954@@locojoy,608,770
214346306@@locojoy,598,806
200037931@@locojoy,586,1008
214339598@@locojoy,570,654
214339433@@locojoy,560,664
214345427@@locojoy,550,744
214348784@@locojoy,540,602
214356567@@locojoy,524,927
214345260@@locojoy,522,673
213456232@@locojoy,504,652
211659413@@locojoy,500,686
212952782@@locojoy,500,734
201571267@@locojoy,494,680
214350891@@locojoy,488,888
213979124@@locojoy,488,888
211517720@@locojoy,458,516
202032876@@locojoy,452,527
212773555@@locojoy,446,529
214344620@@locojoy,438,639
214348978@@locojoy,402,566
208255697@@locojoy,402,614
214025597@@locojoy,400,526
202209020@@locojoy,396,452
214397890@@locojoy,394,520
214346810@@locojoy,362,472
214332595@@locojoy,356,422
200968805@@locojoy,344,418
212983456@@locojoy,342,403
214362389@@locojoy,330,399
214340293@@locojoy,326,433
214353686@@locojoy,314,366
214345628@@locojoy,310,356
213484689@@locojoy,306,364
213005491@@locojoy,304,494
212843135@@locojoy,304,358
212900863@@locojoy,300,366
212904027@@locojoy,298,488
214348723@@locojoy,298,488
212754676@@locojoy,298,488
213872940@@locojoy,296,400
206652233@@locojoy,296,400
214345571@@locojoy,296,400
214343302@@locojoy,296,400
214394446@@locojoy,286,317
212920986@@locojoy,282,337
214355710@@locojoy,278,371
213242131@@locojoy,278,327
214345705@@locojoy,276,297
214343503@@locojoy,262,312
213437337@@locojoy,262,312
214346039@@locojoy,256,303
214374380@@locojoy,252,304
202298049@@locojoy,252,304
214346891@@locojoy,252,304
213912109@@locojoy,246,298
214340250@@locojoy,246,298
214346230@@locojoy,232,279
213045924@@locojoy,232,276
211931745@@locojoy,230,264
213534922@@locojoy,228,266
203401066@@locojoy,228,313
214348055@@locojoy,226,251
214345552@@locojoy,224,258
214049347@@locojoy,214,250
214346960@@locojoy,204,286
213140479@@locojoy,204,242
214348807@@locojoy,204,286
213016507@@locojoy,204,286
214346116@@locojoy,204,286
214342900@@locojoy,204,219
214056015@@locojoy,204,286
214349367@@locojoy,204,286
214086104@@locojoy,202,246
212913534@@locojoy,202,246
214352711@@locojoy,202,246
214352816@@locojoy,202,246
214701688@@locojoy,202,246
214341450@@locojoy,202,246
214344515@@locojoy,202,246
214342959@@locojoy,198,280
213270521@@locojoy,198,280
214347131@@locojoy,198,280
214368307@@locojoy,180,207
214346287@@locojoy,162,177
208265395@@locojoy,158,186
208266622@@locojoy,158,169
213860013@@locojoy,154,184
214348979@@locojoy,150,174
208157858@@locojoy,150,159
214347174@@locojoy,146,163
214345306@@locojoy,140,154
200480646@@locojoy,128,153
214403840@@locojoy,128,153
214342208@@locojoy,128,153
214339162@@locojoy,128,153
214343230@@locojoy,128,153
214341613@@locojoy,116,130
214348660@@locojoy,116,138
214347726@@locojoy,116,130
214351354@@locojoy,112,128
214341866@@locojoy,110,121
214395766@@locojoy,110,124
214349898@@locojoy,110,132
214342323@@locojoy,110,124
214341211@@locojoy,108,117
214346755@@locojoy,104,126
214198574@@locojoy,104,126
207534422@@locojoy,104,126
213527936@@locojoy,104,126
214355651@@locojoy,104,126
200008704@@locojoy,104,126
214347344@@locojoy,104,126
214350316@@locojoy,104,126
212637020@@locojoy,104,126
214394363@@locojoy,104,126
212901232@@locojoy,104,126
214339096@@locojoy,104,126
213018686@@locojoy,104,126
213171814@@locojoy,104,126
214340809@@locojoy,104,126
214339423@@locojoy,104,126
213082560@@locojoy,104,115
202830138@@locojoy,104,126
203354605@@locojoy,104,126
213428284@@locojoy,104,126
211158119@@locojoy,104,126
214345606@@locojoy,104,126
214347695@@locojoy,104,126
213185944@@locojoy,104,126
213400964@@locojoy,104,126
212039312@@locojoy,104,126
214404836@@locojoy,102,111
214358139@@locojoy,102,111
202853010@@locojoy,100,116
214174203@@locojoy,100,116
213204501@@locojoy,98,120
200262944@@locojoy,98,120
214339646@@locojoy,98,120
214343512@@locojoy,98,120
212933727@@locojoy,98,120
214339581@@locojoy,98,120
214393676@@locojoy,98,120
212917175@@locojoy,98,120
214394077@@locojoy,98,120
213006301@@locojoy,98,120
211410289@@locojoy,98,120
214394127@@locojoy,98,120
213195986@@locojoy,98,120
214346314@@locojoy,98,120
213795130@@locojoy,98,120
202155028@@locojoy,98,120
200061222@@locojoy,98,120
200000148@@locojoy,98,120
200022244@@locojoy,98,120
212985566@@locojoy,98,120
214342600@@locojoy,98,120
214394276@@locojoy,92,103
214345824@@locojoy,90,99
200019057@@locojoy,90,96
214350564@@locojoy,90,96
202501475@@locojoy,86,97
213460826@@locojoy,86,97
203033060@@locojoy,86,97
212907476@@locojoy,86,97
214343434@@locojoy,86,97
212953712@@locojoy,84,90
207653395@@locojoy,80,91
214354623@@locojoy,80,91
212637958@@locojoy,80,91
213187697@@locojoy,80,91
200013038@@locojoy,78,84
214345290@@locojoy,78,84
214345264@@locojoy,72,78
213218541@@locojoy,66,72
212918125@@locojoy,66,72
214348116@@locojoy,66,72
214372014@@locojoy,66,72
214346307@@locojoy,62,70
200048125@@locojoy,62,70
212903324@@locojoy,62,70
208239425@@locojoy,60,66
205624457@@locojoy,60,63
212045920@@locojoy,60,66
214346376@@locojoy,60,66
208263518@@locojoy,60,66
214340133@@locojoy,60,66
214348197@@locojoy,60,63
214032408@@locojoy,56,64
214347095@@locojoy,56,64
214339284@@locojoy,56,64
200019164@@locojoy,56,64
214340505@@locojoy,56,64
204995010@@locojoy,56,64
213182414@@locojoy,56,64
214395973@@locojoy,56,64
214255921@@locojoy,56,64
214342918@@locojoy,56,64
214340223@@locojoy,50,58
214387414@@locojoy,50,58
212935030@@locojoy,50,58
214346524@@locojoy,50,58
213203856@@locojoy,50,58
214392816@@locojoy,50,58
214396134@@locojoy,50,58
212931785@@locojoy,50,58
214507024@@locojoy,50,58
213292308@@locojoy,50,58
214341025@@locojoy,50,58
214370448@@locojoy,50,58
212935878@@locojoy,50,58
214346185@@locojoy,48,51
214344384@@locojoy,48,51
214401535@@locojoy,48,51
200141047@@locojoy,42,45
214340233@@locojoy,42,45
214347017@@locojoy,42,45
200090494@@locojoy,36,39
214393715@@locojoy,36,39
213561832@@locojoy,36,39
212915555@@locojoy,36,39
214348599@@locojoy,36,39
212931840@@locojoy,36,39
213161006@@locojoy,36,39
201951115@@locojoy,36,39
214348287@@locojoy,36,39
212948137@@locojoy,36,39
214339812@@locojoy,36,39
214339209@@locojoy,36,39
214346276@@locojoy,36,39
212895153@@locojoy,36,39
214347915@@locojoy,36,39
200019085@@locojoy,36,39
202717497@@locojoy,36,39
212952459@@locojoy,36,39
214347389@@locojoy,36,39
211151208@@locojoy,36,39
201464138@@locojoy,36,39
214394002@@locojoy,36,39
212913967@@locojoy,36,39
214345543@@locojoy,36,39
212899808@@locojoy,36,39
200837065@@locojoy,36,39
214346371@@locojoy,36,39
212909319@@locojoy,36,39
214339428@@locojoy,36,39
200027381@@locojoy,30,33
212906139@@locojoy,30,33
201759092@@locojoy,30,33
205122080@@locojoy,30,33
214393814@@locojoy,30,33
208081926@@locojoy,30,33
214173220@@locojoy,30,33
214343289@@locojoy,30,33
207833578@@locojoy,30,33
208270106@@locojoy,30,33
203642904@@locojoy,30,33
213528652@@locojoy,30,33
214345845@@locojoy,30,33
214358632@@locojoy,30,33
212917749@@locojoy,30,33
214339658@@locojoy,30,33
212920037@@locojoy,30,33
213461428@@locojoy,30,33
214349161@@locojoy,30,33
214356095@@locojoy,30,33
212910229@@locojoy,30,33
214343275@@locojoy,30,33
214347904@@locojoy,30,33
214408670@@locojoy,30,33
207107322@@locojoy,30,33
214396491@@locojoy,30,33
214347907@@locojoy,30,33
211332753@@locojoy,30,33
214346253@@locojoy,30,33
200467803@@locojoy,30,33
202563534@@locojoy,30,33
214354708@@locojoy,30,33
212506888@@locojoy,30,33
214346826@@locojoy,30,33
213258333@@locojoy,30,33
214348459@@locojoy,30,33
214345999@@locojoy,30,33
207885204@@locojoy,30,33
212968949@@locojoy,30,33
213281353@@locojoy,30,33
214397582@@locojoy,30,33
213554212@@locojoy,30,33
214356852@@locojoy,30,33
213207371@@locojoy,30,33
214394721@@locojoy,30,33
201427645@@locojoy,30,33
214344790@@locojoy,30,33
212947132@@locojoy,30,33
212031889@@locojoy,30,33
214341375@@locojoy,30,33
213228695@@locojoy,30,33
213936836@@locojoy,30,33
214351611@@locojoy,30,33
214399801@@locojoy,30,33
214339828@@locojoy,30,33
205097179@@locojoy,30,33
214339186@@locojoy,30,30
212317364@@locojoy,30,33
202509450@@locojoy,30,33
208273204@@locojoy,30,33
214346735@@locojoy,30,33
201829215@@locojoy,30,33
212986345@@locojoy,30,33
214267985@@locojoy,30,33
213000805@@locojoy,30,33
214435804@@locojoy,30,30
213187918@@locojoy,30,33
205609520@@locojoy,30,33
214349404@@locojoy,30,33
212932357@@locojoy,30,30
214346255@@locojoy,30,33
212089058@@locojoy,30,33
202905235@@locojoy,30,33
214397359@@locojoy,30,33
213019263@@locojoy,30,33
214345844@@locojoy,30,33
202207887@@locojoy,30,33
202876665@@locojoy,30,30
214339144@@locojoy,30,33
214339867@@locojoy,30,33
211531320@@locojoy,30,33
212908346@@locojoy,30,33
214345615@@locojoy,30,33
208249346@@locojoy,30,33
214043185@@locojoy,30,33
202989061@@locojoy,30,33
201480409@@locojoy,30,33
214210060@@locojoy,30,33
214453200@@locojoy,30,33
213249656@@locojoy,30,33
214278288@@locojoy,30,33
213242714@@locojoy,30,33
214346427@@locojoy,30,33
202124530@@locojoy,30,33
200001493@@locojoy,30,33
200091750@@locojoy,30,33
200234253@@locojoy,30,33
208529331@@locojoy,30,33
202277831@@locojoy,30,30
213136001@@locojoy,30,33
214355041@@locojoy,30,33
200741010@@locojoy,30,33
212900304@@locojoy,30,33
214339850@@locojoy,30,33
214339761@@locojoy,30,33
202089211@@locojoy,30,33
200207282@@locojoy,24,24
214351377@@locojoy,24,24
214346406@@locojoy,24,24
214061989@@locojoy,24,24
214350734@@locojoy,24,24
202288000@@locojoy,24,24
214339741@@locojoy,24,24
214214623@@locojoy,18,18
213288171@@locojoy,18,18
212912359@@locojoy,18,18
202277393@@locojoy,18,18
211528210@@locojoy,12,12
214346710@@locojoy,12,12
213127846@@locojoy,12,12
212972381@@locojoy,12,12
214347653@@locojoy,12,12
203329322@@locojoy,12,12
214360854@@locojoy,12,12
214350767@@locojoy,12,12
214350173@@locojoy,12,12
212898869@@locojoy,12,12
214347815@@locojoy,12,12
212955314@@locojoy,12,12
214346033@@locojoy,12,12
214086693@@locojoy,12,12
214394791@@locojoy,12,12
214226664@@locojoy,12,12
213188459@@locojoy,12,12
214398458@@locojoy,12,12
214346841@@locojoy,12,12
214424370@@locojoy,12,12
212948854@@locojoy,12,12
212997749@@locojoy,12,12
206363750@@locojoy,12,12
214353192@@locojoy,12,12
214346446@@locojoy,12,12
213255718@@locojoy,12,12
214359059@@locojoy,12,12
200576857@@locojoy,12,12
213933253@@locojoy,6,6
201936140@@locojoy,6,6
214341698@@locojoy,6,6
214345894@@locojoy,6,6
214713155@@locojoy,6,6
202463009@@locojoy,6,6
212917441@@locojoy,6,6
214393847@@locojoy,6,6
214352228@@locojoy,6,6
212898727@@locojoy,6,6
214394008@@locojoy,6,6
212904531@@locojoy,6,6
214394265@@locojoy,6,6
214407455@@locojoy,6,6
214412718@@locojoy,6,6
212935238@@locojoy,6,6
213204791@@locojoy,6,6
214354805@@locojoy,6,6
211408210@@locojoy,6,6
208262229@@locojoy,6,6
214342805@@locojoy,6,6
214339403@@locojoy,6,6
214349805@@locojoy,6,6
214340833@@locojoy,6,6
214342223@@locojoy,6,6
212947921@@locojoy,6,6
200025991@@locojoy,6,6
200020902@@locojoy,6,6
213405463@@locojoy,6,6
214349408@@locojoy,6,6
214348519@@locojoy,6,6
214341228@@locojoy,6,6
214357882@@locojoy,6,6
201027295@@locojoy,6,6
212929961@@locojoy,6,6
214339587@@locojoy,6,6
214345972@@locojoy,6,6
214049159@@locojoy,6,6
214153494@@locojoy,6,6
214349010@@locojoy,6,6
211266737@@locojoy,6,6
208286167@@locojoy,6,6
214249736@@locojoy,6,6
214346362@@locojoy,6,6
207097901@@locojoy,6,6
214349173@@locojoy,6,6
213221948@@locojoy,6,6
213378375@@locojoy,6,6
202379701@@locojoy,6,6
200022951@@locojoy,6,6
201928570@@locojoy,6,6
212938732@@locojoy,6,6
213189217@@locojoy,6,6
214358797@@locojoy,6,6
214341386@@locojoy,6,6
214345616@@locojoy,6,6
212900605@@locojoy,6,6
214339448@@locojoy,6,6
201523076@@locojoy,6,6
202103682@@locojoy,6,6
214339734@@locojoy,6,6
213205460@@locojoy,6,6
213256661@@locojoy,6,6
201025456@@locojoy,6,6
211944345@@locojoy,6,6
214443604@@locojoy,6,6
214348935@@locojoy,6,6
213219075@@locojoy,6,6
213414172@@locojoy,6,6
214108480@@locojoy,6,6
214347050@@locojoy,6,6
200226259@@locojoy,6,6
200697074@@locojoy,6,6
201768135@@locojoy,6,6
207159246@@locojoy,6,6
214354677@@locojoy,6,6
213238047@@locojoy,6,6
214347632@@locojoy,6,6
214339039@@locojoy,6,6
212930942@@locojoy,6,6
214346767@@locojoy,6,6
213284999@@locojoy,6,6
212920987@@locojoy,6,6
200527319@@locojoy,6,6
214402233@@locojoy,6,6
214339944@@locojoy,6,6
213011399@@locojoy,6,6
200008781@@locojoy,6,6
212929058@@locojoy,6,6
211432964@@locojoy,6,6
200870434@@locojoy,6,6
214346582@@locojoy,6,6
212904023@@locojoy,6,6
214342885@@locojoy,6,6
200118526@@locojoy,6,6
214347064@@locojoy,6,6
212904678@@locojoy,6,6
214345842@@locojoy,6,6
212897092@@locojoy,6,6
214396856@@locojoy,6,6
214397424@@locojoy,6,6
212899870@@locojoy,6,6
214347388@@locojoy,6,6
214367907@@locojoy,6,6
206254818@@locojoy,6,6
212908555@@locojoy,6,6
213529884@@locojoy,6,6
214062048@@locojoy,6,6
212916226@@locojoy,6,6
214345852@@locojoy,6,6
213186850@@locojoy,6,6
212936500@@locojoy,6,6
214346365@@locojoy,6,6
212622346@@locojoy,6,6
214345930@@locojoy,6,6
214345797@@locojoy,6,6
214393911@@locojoy,6,6
202382660@@locojoy,6,6
212921985@@locojoy,6,6
212906110@@locojoy,6,6
214401675@@locojoy,6,6
214346679@@locojoy,6,6
214403006@@locojoy,6,6
202838906@@locojoy,6,6
212969660@@locojoy,6,6
212907879@@locojoy,6,6
214214959@@locojoy,6,6
214346963@@locojoy,6,6
214348779@@locojoy,6,6
214347528@@locojoy,6,6
207961145@@locojoy,6,6
211429295@@locojoy,6,6
212287528@@locojoy,6,6
212978323@@locojoy,6,6
213256719@@locojoy,6,6
213258675@@locojoy,6,6
213179254@@locojoy,6,6
213193302@@locojoy,6,6
213531051@@locojoy,6,6
214007080@@locojoy,6,6
214345417@@locojoy,6,6
214349304@@locojoy,6,6
214347996@@locojoy,6,6
201952417@@locojoy,6,6
200304607@@locojoy,6,6
206412005@@locojoy,6,6
212967415@@locojoy,6,6
201572005@@locojoy,6,6
200112566@@locojoy,6,6
213493900@@locojoy,6,6
202096745@@locojoy,6,6
211927324@@locojoy,6,6
212964381@@locojoy,6,6
201317293@@locojoy,6,6
214341325@@locojoy,6,6
214347367@@locojoy,6,6
214394348@@locojoy,6,6
214395464@@locojoy,6,6
214347887@@locojoy,6,6
214059771@@locojoy,6,6
214345175@@locojoy,6,6
212332568@@locojoy,6,6
214389140@@locojoy,6,6
212946155@@locojoy,6,6
200411041@@locojoy,6,6
214346987@@locojoy,6,6
214358040@@locojoy,6,6
214343792@@locojoy,6,6
214394643@@locojoy,6,6
207221478@@locojoy,6,6
200711098@@locojoy,6,6
214351572@@locojoy,6,6
208252931@@locojoy,6,6
200001597@@locojoy,6,6
211534912@@locojoy,6,6
214345776@@locojoy,6,6
211531189@@locojoy,6,6
214346559@@locojoy,6,6
214394478@@locojoy,6,6
212910675@@locojoy,6,6
213526203@@locojoy,6,6
214398021@@locojoy,6,6
213280365@@locojoy,6,6
213462317@@locojoy,6,6
201699253@@locojoy,6,6
203085210@@locojoy,6,6
214343316@@locojoy,6,6
200787131@@locojoy,6,6
212907474@@locojoy,6,6
212350048@@locojoy,6,6
200011383@@locojoy,6,6
213051779@@locojoy,6,6
214369743@@locojoy,6,6
200631806@@locojoy,6,6
214349185@@locojoy,6,6
200170857@@locojoy,6,6
214362001@@locojoy,6,6
214347535@@locojoy,6,6
214353102@@locojoy,6,6
214351406@@locojoy,6,6
212956980@@locojoy,6,6
214336810@@locojoy,6,6
214348012@@locojoy,6,6
200524669@@locojoy,6,6
214346171@@locojoy,6,6
214350565@@locojoy,6,6
200193447@@locojoy,6,6
200080615@@locojoy,6,6
211445033@@locojoy,6,6
214180075@@locojoy,6,6
200063823@@locojoy,6,6
213043971@@locojoy,6,6
214345815@@locojoy,6,6
212949903@@locojoy,6,6
213288526@@locojoy,6,6
204890103@@locojoy,6,6
214351946@@locojoy,6,6
214346781@@locojoy,6,6
211909235@@locojoy,6,6
214352987@@locojoy,6,6
214398407@@locojoy,6,6
214367828@@locojoy,6,6
214351696@@locojoy,6,6
213337733@@locojoy,6,6
214344504@@locojoy,6,6
214063809@@locojoy,6,6
213042320@@locojoy,6,6
211150817@@locojoy,6,6
207984121@@locojoy,6,6
214349029@@locojoy,6,6
212945756@@locojoy,6,6
214346540@@locojoy,6,6
212898798@@locojoy,6,6
207983494@@locojoy,6,6
214339233@@locojoy,6,6
214358279@@locojoy,6,6
214364849@@locojoy,6,6
213491239@@locojoy,6,6
213923963@@locojoy,6,6
214345670@@locojoy,6,6
214399873@@locojoy,6,6
202943209@@locojoy,6,6
214394652@@locojoy,6,6
212941146@@locojoy,6,6
214253201@@locojoy,6,6
214292034@@locojoy,6,6
201665574@@locojoy,6,6
212777979@@locojoy,6,6
213409224@@locojoy,6,6
214393755@@locojoy,6,6
213401503@@locojoy,6,6
204436758@@locojoy,6,6
214340245@@locojoy,6,6
212907886@@locojoy,6,6
213480996@@locojoy,6,6
214420085@@locojoy,6,6
213138987@@locojoy,6,6
213183006@@locojoy,6,6
214346024@@locojoy,6,6
214346385@@locojoy,6,6
214371979@@locojoy,6,6
214397259@@locojoy,6,6
214014938@@locojoy,6,6
213285550@@locojoy,6,6
214346741@@locojoy,6,6
214371696@@locojoy,6,6
214215733@@locojoy,6,6
214367169@@locojoy,6,6
214345822@@locojoy,6,6
214346455@@locojoy,6,6
214432101@@locojoy,6,6
203428320@@locojoy,6,6
214340080@@locojoy,6,6
213170546@@locojoy,6,6
212989882@@locojoy,6,6
214180919@@locojoy,6,6
212972507@@locojoy,6,6
214397358@@locojoy,6,6
212938409@@locojoy,6,6
214346945@@locojoy,6,6
214343752@@locojoy,6,6
214347981@@locojoy,6,6
214339486@@locojoy,6,6
214256309@@locojoy,6,6
212912762@@locojoy,6,6
214341511@@locojoy,6,6
214343327@@locojoy,6,6
214348008@@locojoy,6,6
214279000@@locojoy,6,6
200014508@@locojoy,6,6
213943710@@locojoy,6,6
214349695@@locojoy,6,6
213462553@@locojoy,6,6
214342598@@locojoy,6,6
214339470@@locojoy,6,6
214361741@@locojoy,6,6
203046642@@locojoy,6,6
214369487@@locojoy,6,6
213545414@@locojoy,6,6
200326625@@locojoy,6,6
214339032@@locojoy,6,6
212912980@@locojoy,6,6
205555300@@locojoy,6,6
212937285@@locojoy,6,6
212940087@@locojoy,6,6
214356433@@locojoy,6,6
200279844@@locojoy,6,6
214339420@@locojoy,6,6
214348515@@locojoy,6,6
213183435@@locojoy,6,6
214344780@@locojoy,6,6
214340021@@locojoy,6,6
201466971@@locojoy,6,6
214347780@@locojoy,6,6
214348847@@locojoy,6,6
214409065@@locojoy,6,6
214346797@@locojoy,6,6
214390459@@locojoy,6,6
212914803@@locojoy,6,6
214339983@@locojoy,6,6
214360649@@locojoy,6,6
202984757@@locojoy,6,6
212976825@@locojoy,6,6
214346893@@locojoy,6,6
214349912@@locojoy,6,6
213469528@@locojoy,6,6
200729032@@locojoy,6,6
214350144@@locojoy,6,6
214344510@@locojoy,6,6
214356064@@locojoy,6,6
212988248@@locojoy,6,6
207830775@@locojoy,6,6
212958807@@locojoy,6,6
214353144@@locojoy,6,6
212429885@@locojoy,6,6
208282295@@locojoy,6,6
212900530@@locojoy,6,6
213168442@@locojoy,6,6
213263941@@locojoy,6,6
214346942@@locojoy,6,6
214394705@@locojoy,6,6
212910663@@locojoy,6,6
213114621@@locojoy,6,6
214381786@@locojoy,6,6
208271671@@locojoy,6,6
213552247@@locojoy,6,6
214394053@@locojoy,6,6
203194998@@locojoy,6,6
214357909@@locojoy,6,6
208268470@@locojoy,6,6
212119019@@locojoy,6,6
214397984@@locojoy,6,6
213177728@@locojoy,6,6
213252931@@locojoy,6,6
213556414@@locojoy,6,6
214346339@@locojoy,6,6
214362894@@locojoy,6,6
214346438@@locojoy,6,6
214397464@@locojoy,6,6
214346349@@locojoy,6,6
213243078@@locojoy,6,6
202072058@@locojoy,6,6
214368982@@locojoy,6,6
212925701@@locojoy,6,6
213263200@@locojoy,6,6
212904037@@locojoy,6,6
213704893@@locojoy,6,6
214349023@@locojoy,6,6
214345680@@locojoy,6,6
214346359@@locojoy,6,6
214397543@@locojoy,6,6
208275886@@locojoy,6,6
214398881@@locojoy,6,6
212975942@@locojoy,6,6
214347684@@locojoy,6,6
212968245@@locojoy,6,6
213370951@@locojoy,6,6
214403405@@locojoy,6,6
214341507@@locojoy,6,6
200314385@@locojoy,6,6
212914773@@locojoy,6,6
202920454@@locojoy,6,6
212245050@@locojoy,6,6
214427515@@locojoy,6,6
214064007@@locojoy,6,6
214350065@@locojoy,6,6
214347500@@locojoy,6,6
201136942@@locojoy,6,6
213247373@@locojoy,6,6
208281771@@locojoy,6,6
214348518@@locojoy,6,6
212916313@@locojoy,6,6
212927965@@locojoy,6,6
213238795@@locojoy,6,6
214348689@@locojoy,6,6
208084833@@locojoy,6,6
212908006@@locojoy,6,6
214339338@@locojoy,6,6
202540327@@locojoy,6,6
214394302@@locojoy,6,6
214404676@@locojoy,6,6
202395988@@locojoy,6,6
203385360@@locojoy,6,6
214394917@@locojoy,6,6
200521589@@locojoy,6,6
213400242@@locojoy,6,6
214348735@@locojoy,6,6
212964648@@locojoy,6,6
207614799@@locojoy,6,6
201051202@@locojoy,6,6
214349158@@locojoy,6,6
201986409@@locojoy,6,6
213287376@@locojoy,6,6
208276466@@locojoy,6,6
200296477@@locojoy,6,6
214339567@@locojoy,6,6
214341276@@locojoy,6,6
212958279@@locojoy,6,6
212920807@@locojoy,6,6
208500725@@locojoy,6,6
214358768@@locojoy,6,6
214339444@@locojoy,6,6
214427373@@locojoy,6,6
214398425@@locojoy,6,6
213354199@@locojoy,6,6
202835526@@locojoy,6,6
203542023@@locojoy,6,6
214355555@@locojoy,6,6
203416231@@locojoy,6,6
207635099@@locojoy,6,6
214347617@@locojoy,6,6
212941426@@locojoy,6,6
214393732@@locojoy,6,6
212996608@@locojoy,6,6
214397150@@locojoy,6,6
214407475@@locojoy,6,6
214339300@@locojoy,6,6
201760760@@locojoy,6,6
214347264@@locojoy,6,6
200101308@@locojoy,6,6
212972128@@locojoy,6,6
200714379@@locojoy,6,6
205527002@@locojoy,6,6
214033453@@locojoy,6,6
214099401@@locojoy,6,6
214339997@@locojoy,6,6
214345908@@locojoy,6,6
212952683@@locojoy,6,6
203164616@@locojoy,6,6
212917392@@locojoy,6,6
200049068@@locojoy,6,6
214339451@@locojoy,6,6
214339608@@locojoy,6,6
214343165@@locojoy,6,6
214343432@@locojoy,6,6
212951631@@locojoy,6,6
214346300@@locojoy,6,6
214355853@@locojoy,6,6
200021267@@locojoy,6,6
214340264@@locojoy,6,6
214351252@@locojoy,6,6
208254466@@locojoy,6,6
214394004@@locojoy,6,6
214372822@@locojoy,6,6
213767947@@locojoy,6,6
214342661@@locojoy,6,6
214345590@@locojoy,6,6
200045132@@locojoy,6,6
214382051@@locojoy,6,6
212945066@@locojoy,6,6
214351399@@locojoy,6,6
214339775@@locojoy,6,6
214349728@@locojoy,6,6
213514545@@locojoy,6,6
212994305@@locojoy,6,6
213127653@@locojoy,6,6
214347314@@locojoy,6,6
214342948@@locojoy,6,6
214360924@@locojoy,6,6
214395806@@locojoy,6,6
212945631@@locojoy,6,6
212933639@@locojoy,6,6
214695288@@locojoy,6,6
208417982@@locojoy,6,6
212439898@@locojoy,6,6
214394143@@locojoy,6,6
214358458@@locojoy,6,6
212900045@@locojoy,6,6
212428881@@locojoy,6,6
214250118@@locojoy,6,6
201731527@@locojoy,6,6
213194627@@locojoy,6,6
202149213@@locojoy,6,6
214351456@@locojoy,6,6
214399777@@locojoy,6,6
214376612@@locojoy,6,6
214348014@@locojoy,6,6
214355777@@locojoy,6,6
211670497@@locojoy,6,6
213196757@@locojoy,6,6
208670826@@locojoy,6,6
213183664@@locojoy,6,6
213185407@@locojoy,6,6
214348631@@locojoy,6,6
206293298@@locojoy,6,6
213941398@@locojoy,6,6
200153799@@locojoy,6,6
214393786@@locojoy,6,6
213412081@@locojoy,6,6
214351541@@locojoy,6,6
213244896@@locojoy,6,6
214348664@@locojoy,6,6
202442643@@locojoy,6,6
200331513@@locojoy,6,6
212963606@@locojoy,6,6
214342716@@locojoy,6,6
208436362@@locojoy,6,6
214339342@@locojoy,6,6
212954546@@locojoy,6,6
213126268@@locojoy,6,6
214425841@@locojoy,6,6
202524606@@locojoy,6,6
214073195@@locojoy,6,6
212959624@@locojoy,6,6
212917151@@locojoy,6,6
214354626@@locojoy,6,6
200192546@@locojoy,6,6
200585802@@locojoy,6,6
214339099@@locojoy,6,6
214343603@@locojoy,6,6
201034199@@locojoy,6,6
214346770@@locojoy,6,6
214215420@@locojoy,6,6
214402160@@locojoy,6,6
214347822@@locojoy,6,6
214346026@@locojoy,6,6
203817761@@locojoy,6,6
214398205@@locojoy,6,6
213258470@@locojoy,6,6
214353177@@locojoy,6,6
214347451@@locojoy,6,6
214355435@@locojoy,6,6
214399266@@locojoy,6,6
212907532@@locojoy,6,6
214341486@@locojoy,6,6
214345855@@locojoy,6,6
213210041@@locojoy,6,6
214348089@@locojoy,6,6
214347553@@locojoy,6,6
212997420@@locojoy,6,6
214388612@@locojoy,6,6
214396600@@locojoy,6,6
213223641@@locojoy,6,6
214352943@@locojoy,6,6
214343156@@locojoy,6,6
214346747@@locojoy,6,6
214346174@@locojoy,6,6
214341995@@locojoy,6,6
214351099@@locojoy,6,6
214396323@@locojoy,6,6
214347128@@locojoy,6,6
214397605@@locojoy,6,6
212995257@@locojoy,6,6
213498419@@locojoy,6,6
214347290@@locojoy,6,6
214396179@@locojoy,6,6
205886269@@locojoy,6,6
212926814@@locojoy,6,6
214402692@@locojoy,6,6
213185043@@locojoy,6,6
214354033@@locojoy,6,6
213152778@@locojoy,6,6
214349141@@locojoy,6,6
214352472@@locojoy,6,6
214387900@@locojoy,6,6
211333598@@locojoy,6,6
214393791@@locojoy,6,6
214342314@@locojoy,6,6
212923625@@locojoy,6,6
213129013@@locojoy,6,6
200096449@@locojoy,6,6
200653953@@locojoy,6,6
205043570@@locojoy,6,6
205002328@@locojoy,6,6
214345598@@locojoy,6,6
212376694@@locojoy,6,6
212933770@@locojoy,6,6
213226275@@locojoy,6,6
214356195@@locojoy,6,6
213361769@@locojoy,6,6
212960588@@locojoy,6,6
214340832@@locojoy,6,6
208255901@@locojoy,6,6
207738738@@locojoy,6,6
212925685@@locojoy,6,6
214344463@@locojoy,6,6
213424358@@locojoy,6,6
214032543@@locojoy,6,6
213137937@@locojoy,6,6
214340183@@locojoy,6,6
214339297@@locojoy,6,6
214339564@@locojoy,6,6
208277267@@locojoy,6,6
214340012@@locojoy,6,6
203292205@@locojoy,6,6
211529114@@locojoy,6,6
214377694@@locojoy,6,6
211974503@@locojoy,6,6
200741046@@locojoy,6,6
214343490@@locojoy,6,6
204773897@@locojoy,6,6
212915358@@locojoy,6,6
201940966@@locojoy,6,6
214342560@@locojoy,6,6
212991441@@locojoy,6,6
213192096@@locojoy,6,6
213285341@@locojoy,6,6
214396898@@locojoy,6,6
212986077@@locojoy,6,6
214394180@@locojoy,6,6
214397288@@locojoy,6,6
208275288@@locojoy,6,6
214396288@@locojoy,6,6
214348213@@locojoy,6,6
213036996@@locojoy,6,6
208259692@@locojoy,6,6
214347627@@locojoy,6,6
212908554@@locojoy,6,6
214346421@@locojoy,6,6
214347966@@locojoy,6,6
214395824@@locojoy,6,6
214399263@@locojoy,6,6
214346032@@locojoy,6,6
202631372@@locojoy,6,6
214356524@@locojoy,6,6
213499340@@locojoy,6,6
212936911@@locojoy,6,6
210980122@@locojoy,6,6
212902410@@locojoy,6,6
201931564@@locojoy,6,6
214397518@@locojoy,6,6
212605249@@locojoy,6,6
213462897@@locojoy,6,6
213130947@@locojoy,6,6
214353066@@locojoy,6,6
214396250@@locojoy,6,6
212899004@@locojoy,6,6
212047562@@locojoy,6,6
214346647@@locojoy,6,6
214343793@@locojoy,6,6
208529503@@locojoy,6,6
213408141@@locojoy,6,6
214271811@@locojoy,6,6
214343536@@locojoy,6,6
214342643@@locojoy,6,6
214068415@@locojoy,6,6
201732046@@locojoy,6,6
214340855@@locojoy,6,6
214370630@@locojoy,6,6
214351615@@locojoy,6,6
200023641@@locojoy,6,6
214346348@@locojoy,6,6
214345774@@locojoy,6,6
201057396@@locojoy,6,6
214404379@@locojoy,6,6
212899831@@locojoy,6,6
214339556@@locojoy,6,6
204130680@@locojoy,6,6
213140246@@locojoy,6,6
213562372@@locojoy,6,6
214352594@@locojoy,6,6
214347044@@locojoy,6,6
212804861@@locojoy,6,6
212993890@@locojoy,6,6
214359606@@locojoy,6,6
213802771@@locojoy,6,6
214347491@@locojoy,6,6
214342201@@locojoy,6,6
214344782@@locojoy,6,6
214350512@@locojoy,6,6
214339569@@locojoy,6,6
214339060@@locojoy,6,6
208327044@@locojoy,6,6
214343279@@locojoy,6,6
214363500@@locojoy,6,6
211525960@@locojoy,6,6
214350267@@locojoy,6,6
214348618@@locojoy,6,6
214350528@@locojoy,6,6
214345724@@locojoy,6,6
213005994@@locojoy,6,6
214403298@@locojoy,6,6
214346453@@locojoy,6,6
214347551@@locojoy,6,6
214413938@@locojoy,6,6
214348744@@locojoy,6,6
214344594@@locojoy,6,6
214350106@@locojoy,6,6
213849310@@locojoy,6,6
211350805@@locojoy,6,6
213927897@@locojoy,6,6
214341950@@locojoy,6,6
213062285@@locojoy,6,6
214351991@@locojoy,6,6
213187860@@locojoy,6,6
214387313@@locojoy,6,6
214341252@@locojoy,6,6
203315727@@locojoy,6,6
214340638@@locojoy,6,6
212914890@@locojoy,6,6
200585119@@locojoy,6,6
212904803@@locojoy,6,6
214356069@@locojoy,6,6
214394460@@locojoy,6,6
200731258@@locojoy,6,6
214367323@@locojoy,6,6
214411091@@locojoy,6,6
200752527@@locojoy,6,6
214340375@@locojoy,6,6
201049311@@locojoy,6,6
211584745@@locojoy,6,6
213224757@@locojoy,6,6
214345942@@locojoy,6,6
214394025@@locojoy,6,6
214400868@@locojoy,6,6
212998442@@locojoy,6,6
213254390@@locojoy,6,6
213124258@@locojoy,6,6
214395784@@locojoy,6,6
214353613@@locojoy,6,6
214394166@@locojoy,6,6
203092095@@locojoy,6,6
213246837@@locojoy,6,6
214394094@@locojoy,6,6
213561970@@locojoy,6,6
214346048@@locojoy,6,6
213126622@@locojoy,6,6
214400351@@locojoy,6,6
212938674@@locojoy,6,6
213433987@@locojoy,6,6
212911051@@locojoy,6,6
202663163@@locojoy,6,6
200599040@@locojoy,6,6
212901098@@locojoy,6,6
214373593@@locojoy,6,6
213133130@@locojoy,6,6
212963964@@locojoy,6,6
214351464@@locojoy,6,6
211492461@@locojoy,6,6
214350271@@locojoy,6,6
208435744@@locojoy,6,6
214346315@@locojoy,6,6
214347198@@locojoy,6,6
213457014@@locojoy,6,6
214353099@@locojoy,6,6
214325079@@locojoy,6,6
214342873@@locojoy,6,6
214344607@@locojoy,6,6
208337671@@locojoy,6,6
213012574@@locojoy,6,6
214393820@@locojoy,6,6
214347024@@locojoy,6,6
214347113@@locojoy,6,6
214342685@@locojoy,6,6
214353722@@locojoy,6,6
213907292@@locojoy,6,6
214345484@@locojoy,6,6
213456552@@locojoy,6,6
214351721@@locojoy,6,6
212942120@@locojoy,6,6
214347633@@locojoy,6,6
214362372@@locojoy,6,6
201142871@@locojoy,6,6
213241224@@locojoy,6,6
202894861@@locojoy,6,6
213877264@@locojoy,6,6
207691988@@locojoy,6,6
214352542@@locojoy,6,6
200529774@@locojoy,6,6
200010719@@locojoy,6,6
214350478@@locojoy,6,6
200167087@@locojoy,6,6
214341166@@locojoy,6,6
214125069@@locojoy,6,6
213383469@@locojoy,6,6
214445986@@locojoy,6,6
214347083@@locojoy,6,6
214339043@@locojoy,6,6
214352736@@locojoy,6,6
214339599@@locojoy,6,6
214348457@@locojoy,6,6
207832175@@locojoy,6,6
214349150@@locojoy,6,6
212946971@@locojoy,6,6
214346196@@locojoy,6,6
212926023@@locojoy,6,6
213182187@@locojoy,6,6
214383729@@locojoy,6,6
wc1,123,456
wc2,124,457
wc3,125,458
wc4,126,459
wc5,127,460
wc6,128,461
wc7,129,462
wc8,130,463
wc9,131,464
wc10,132,465
wc11,133,466
wc12,134,467
wc13,135,468
wc14,136,469
wc15,137,470
wc16,138,471
wc17,139,472
wc18,140,473
wc19,141,474
wc20,142,475
wc21,143,476
wc22,144,477
wc23,145,478
wc24,146,479
wc25,147,480
wc26,148,481
wc27,149,482
wc28,150,483
wc29,151,484
wc30,152,485
wc31,153,486
wc32,154,487
wc33,155,488
wc34,156,489
wc35,157,490
wc36,158,491
wc37,159,492
wc38,160,493
wc39,161,494
wc40,162,495
wc41,163,496
wc42,164,497
wc43,165,498
wc44,166,499
wc45,167,500
wc46,168,501
wc47,169,502
wc48,170,503
wc49,171,504
wc50,172,505
wc51,173,506
wc52,174,507
wc53,175,508
wc54,176,509
wc55,177,510
wc56,178,511
wc57,179,512
